-- phpMyAdmin SQL Dump
-- version 5.0.3
-- https://www.phpmyadmin.net/
--
-- Host: 127.0.0.1
-- Generation Time: Dec 06, 2020 at 05:09 PM
-- Server version: 10.4.14-MariaDB
-- PHP Version: 7.4.11

SET SQL_MODE = "NO_AUTO_VALUE_ON_ZERO";
START TRANSACTION;
SET time_zone = "+00:00";


/*!40101 SET @OLD_CHARACTER_SET_CLIENT=@@CHARACTER_SET_CLIENT */;
/*!40101 SET @OLD_CHARACTER_SET_RESULTS=@@CHARACTER_SET_RESULTS */;
/*!40101 SET @OLD_COLLATION_CONNECTION=@@COLLATION_CONNECTION */;
/*!40101 SET NAMES utf8mb4 */;

--
-- Database: `library_management`
--

-- --------------------------------------------------------

--
-- Table structure for table `book`
--

CREATE TABLE `book` (
  `book_id` int(11) NOT NULL,
  `book_title` varchar(100) NOT NULL,
  `category_id` int(50) NOT NULL,
  `author` varchar(50) NOT NULL,
  `book_copies` int(11) NOT NULL,
  `book_pub` varchar(100) NOT NULL,
  `publisher_name` varchar(100) NOT NULL,
  `isbn` varchar(50) NOT NULL,
  `copyright_year` int(11) NOT NULL,
  `date_receive` varchar(20) NOT NULL,
  `date_added` datetime NOT NULL,
  `status` varchar(30) NOT NULL
) ENGINE=InnoDB DEFAULT CHARSET=latin1;

--
-- Dumping data for table `book`
--

INSERT INTO `book` (`book_id`, `book_title`, `category_id`, `author`, `book_copies`, `book_pub`, `publisher_name`, `isbn`, `copyright_year`, `date_receive`, `date_added`, `status`) VALUES
(15, 'Natural Resources', 8, 'Robin Kerrod', 15, 'Marshall Cavendish Corporation', 'Marshall', '1-85435-628-3', 1997, '', '2013-12-11 06:34:27', 'New'),
(16, 'Encyclopedia Americana', 5, 'Grolier', 20, 'Connecticut', 'Grolier Incorporation', '0-7172-0119-8', 1988, '', '2013-12-11 06:36:23', 'Archive'),
(17, 'Algebra 1', 3, 'Carolyn Bradshaw, Michael Seals', 35, 'Pearson Education, Inc', 'Prentice Hall, New Jersey', '0-13-125087-6', 2004, '', '2013-12-11 06:39:17', 'Damage'),
(18, 'The Philippine Daily Inquirer', 7, '..', 3, 'Pasay City', '..', '..', 2013, '', '2013-12-11 06:41:53', 'New'),
(19, 'Science in our World', 4, 'Brian Knapp', 25, 'Regency Publishing Group', 'Prentice Hall, Inc', '0-13-050841-1', 1996, '', '2013-12-11 06:44:44', 'Old'),
(20, 'Literature', 9, 'Greg Glowka', 20, 'Regency Publishing Group', 'Prentice Hall, Inc', '0-13-050841-1', 2001, '', '2013-12-11 06:47:44', 'Old'),
(21, 'Lexicon Universal Encyclopedia', 5, 'Lexicon', 10, 'Lexicon Publication', 'Pulication Inc., Lexicon', '0-7172-2043-5', 1993, '', '2013-12-11 06:49:53', 'Old'),
(22, 'Science and Invention Encyclopedia', 5, 'Clarke Donald, Dartford Mark', 16, 'H.S. Stuttman inc. Publishing', 'Publisher , Westport Connecticut', '0-87475-450-x', 1992, '', '2013-12-11 06:52:58', 'New'),
(23, 'Integrated Science Textbook ', 4, 'Merde C. Tan', 15, 'Vibal Publishing House Inc.', '12536. Araneta Avenue Corner Ma. Clara St., Quezon City', '971-570-124-8', 2009, '', '2013-12-11 06:55:27', 'New'),
(24, 'Algebra 2', 3, 'Glencoe McGraw Hill', 15, 'The McGrawHill Companies Inc.', 'McGrawhill', '978-0-07-873830-2', 2008, '', '2013-12-11 06:57:35', 'New'),
(25, 'Wiki at Panitikan ', 7, 'Lorenza P. Avera', 28, 'JGM & S Corporation', 'JGM & S Corporation', '971-07-1574-7', 2000, '', '2013-12-11 06:59:24', 'Damage'),
(26, 'English Expressways TextBook for 4th year', 9, 'Virginia Bermudez Ed. O. et al', 23, 'SD Publications, Inc.', 'Gregorio Araneta Avenue, Quezon City', '978-971-0315-33-8', 2007, '', '2013-12-11 07:01:25', 'New'),
(27, 'Asya Pag-usbong Ng Kabihasnan ', 8, 'Ricardo T. Jose, Ph . D.', 21, 'Vibal Publishing House Inc.', 'Araneta Avenue . Cor. Maria Clara St., Quezon City', '971-07-2324-3', 2008, '', '2013-12-11 07:02:56', 'New'),
(28, 'Literature (the readers choice)', 9, 'Glencoe McGraw Hill', 20, '..', 'the McGrawHill Companies Inc', '0-02-817934-x', 2001, '', '2013-12-11 07:05:25', 'Damage'),
(29, 'Beloved a Novel', 9, 'Toni Morrison', 13, '..', 'Alfred A. Knoff, Inc', '0-394-53597-9', 1987, '', '2013-12-11 07:07:02', 'Old'),
(30, 'Silver Burdett Engish', 2, 'Judy Brim', 12, 'Silver Burdett Company', 'Silver', '0-382-03575-5', 1985, '', '2013-12-11 09:22:50', 'Old'),
(31, 'The Corporate Warriors (Six Classic Cases in American Business)', 8, 'Douglas K. Ramsey', 8, 'Houghton Miffin Company', '..', '0-395-35487-0', 1987, '', '2013-12-11 09:25:32', 'Old'),
(32, 'Introduction to Information System', 9, 'Cristine Redoblo', 10, 'CHMSC', 'Brian INC', '123-132', 2013, '', '2014-01-17 19:00:10', 'New'),
(33, 'Introduction C++', 1, 'Sameer', 10, 'CHMSC', 'Ali', '31234231', 1995, '', '2020-12-06 20:17:53', 'New');

-- --------------------------------------------------------

--
-- Table structure for table `borrow`
--

CREATE TABLE `borrow` (
  `borrow_id` int(11) NOT NULL,
  `member_id` bigint(50) NOT NULL,
  `date_borrow` varchar(100) NOT NULL,
  `due_date` varchar(100) DEFAULT NULL
) ENGINE=MyISAM DEFAULT CHARSET=utf8;

--
-- Dumping data for table `borrow`
--

INSERT INTO `borrow` (`borrow_id`, `member_id`, `date_borrow`, `due_date`) VALUES
(489, 59, '2020-12-06 20:51:46', '21/01/2021'),
(488, 65, '2020-12-06 20:51:28', '22/12/2020'),
(487, 59, '2020-12-06 20:51:18', '15/12/2020'),
(486, 52, '2020-12-06 20:51:10', '30/12/2020'),
(490, 62, '2020-12-06 20:52:37', '14/12/2020');

-- --------------------------------------------------------

--
-- Table structure for table `borrowdetails`
--

CREATE TABLE `borrowdetails` (
  `borrow_details_id` int(11) NOT NULL,
  `book_id` int(11) NOT NULL,
  `borrow_id` int(11) NOT NULL,
  `borrow_status` varchar(50) NOT NULL,
  `date_return` varchar(100) NOT NULL
) ENGINE=MyISAM DEFAULT CHARSET=latin1;

--
-- Dumping data for table `borrowdetails`
--

INSERT INTO `borrowdetails` (`borrow_details_id`, `book_id`, `borrow_id`, `borrow_status`, `date_return`) VALUES
(174, 33, 489, 'returned', '2020-12-06 20:51:57'),
(172, 29, 488, 'pending', ''),
(173, 32, 489, 'pending', ''),
(171, 21, 487, 'returned', '2020-12-06 20:52:02'),
(170, 18, 486, 'pending', ''),
(168, 15, 486, 'pending', ''),
(169, 17, 486, 'returned', '2020-12-06 20:51:59'),
(175, 15, 490, 'pending', '');

-- --------------------------------------------------------

--
-- Table structure for table `category`
--

CREATE TABLE `category` (
  `category_id` int(11) NOT NULL,
  `classname` varchar(50) DEFAULT NULL
) ENGINE=MyISAM DEFAULT CHARSET=utf8;

--
-- Dumping data for table `category`
--

INSERT INTO `category` (`category_id`, `classname`) VALUES
(1, 'Programming'),
(2, 'English'),
(3, 'Math'),
(4, 'Science'),
(5, 'Encyclopedia'),
(6, 'Computer'),
(7, 'Newspaper'),
(8, 'General'),
(9, 'References');

-- --------------------------------------------------------

--
-- Table structure for table `member`
--

CREATE TABLE `member` (
  `member_id` int(11) NOT NULL,
  `firstname` varchar(100) NOT NULL,
  `lastname` varchar(100) NOT NULL,
  `gender` varchar(10) NOT NULL,
  `address` varchar(100) NOT NULL,
  `contact` varchar(100) NOT NULL,
  `type` varchar(100) NOT NULL,
  `year_level` varchar(100) NOT NULL,
  `status` varchar(100) NOT NULL
) ENGINE=InnoDB DEFAULT CHARSET=latin1;

--
-- Dumping data for table `member`
--

INSERT INTO `member` (`member_id`, `firstname`, `lastname`, `gender`, `address`, `contact`, `type`, `year_level`, `status`) VALUES
(52, 'Hammad', 'Ismail', 'Male', 'Talisay', '21201042342', 'Teacher', 'Faculty', 'Active'),
(53, 'Rumaisa', 'Mansoor', 'Female', 'E.B. Magalona', '03432556453', 'Student', 'Second Year', 'Banned'),
(54, 'Bilal', 'Akmal', 'Male', 'E.B. Magalona', '01231243132', 'Student', 'Fourth Year', 'Banned'),
(55, 'Virat', 'Kohli', 'Male', 'E.B. Magalona', '03243543334', 'Student', 'Fourth Year', 'Active'),
(56, 'Bilal', 'Khan', 'Male', 'Silay City', '03030534341', 'Student', 'Third Year', 'Active'),
(57, 'Nouman', 'Khan', 'Male', 'E.B. Magalona', '90902342343', 'Student', 'Second Year', 'Active'),
(58, 'Wajeeha', 'Basit', 'Female', 'E.B. Magalona', '12331213121', 'Student', 'First Year', 'Active'),
(59, 'Abdullah', 'Wali', 'Male', 'E.B. Magalona', '01231231232', 'Student', 'Second Year', 'Active'),
(60, 'Fehmida', 'Ajmal', 'Female', 'Silay City', '13213434242', 'Student', 'Second Year', 'Active'),
(62, 'Urwa', 'Sultana', 'Female', 'E.B. Magalona', '12423342342', 'Teacher', 'Faculty', 'Active'),
(63, 'Amy', 'Jakson', 'Female', 'Silay City', '03423432231', 'Student', 'Second Year', 'Banned'),
(64, 'Sonia', 'Ismail', 'Female', 'E.B. Magalona', '90210143534', 'Student', 'Second Year', 'Active'),
(65, 'Anjiya', 'Morn', 'Female', 'E.B. Magalona', '01231213343', 'Teacher', 'Faculty', 'Active'),
(67, 'Wajeeh', 'Misbah', 'Male', 'Ali House', '02423423422', 'Student', 'Fourth Year', 'Banned');

-- --------------------------------------------------------

--
-- Table structure for table `users`
--

CREATE TABLE `users` (
  `user_id` int(11) NOT NULL,
  `username` varchar(100) NOT NULL,
  `password` varchar(100) NOT NULL,
  `firstname` varchar(100) NOT NULL,
  `lastname` varchar(100) NOT NULL
) ENGINE=InnoDB DEFAULT CHARSET=latin1;

--
-- Dumping data for table `users`
--

INSERT INTO `users` (`user_id`, `username`, `password`, `firstname`, `lastname`) VALUES
(2, 'admin1', 'admin1', 'Sameer', 'Khowaja'),
(3, 'admin2', 'admin2', 'Ali', 'Rehman');

--
-- Indexes for dumped tables
--

--
-- Indexes for table `book`
--
ALTER TABLE `book`
  ADD PRIMARY KEY (`book_id`);

--
-- Indexes for table `borrow`
--
ALTER TABLE `borrow`
  ADD PRIMARY KEY (`borrow_id`),
  ADD KEY `borrowerid` (`member_id`),
  ADD KEY `borrowid` (`borrow_id`);

--
-- Indexes for table `borrowdetails`
--
ALTER TABLE `borrowdetails`
  ADD PRIMARY KEY (`borrow_details_id`);

--
-- Indexes for table `category`
--
ALTER TABLE `category`
  ADD PRIMARY KEY (`category_id`),
  ADD UNIQUE KEY `category_id` (`category_id`),
  ADD KEY `classid` (`category_id`);

--
-- Indexes for table `member`
--
ALTER TABLE `member`
  ADD PRIMARY KEY (`member_id`);

--
-- Indexes for table `users`
--
ALTER TABLE `users`
  ADD PRIMARY KEY (`user_id`);

--
-- AUTO_INCREMENT for dumped tables
--

--
-- AUTO_INCREMENT for table `book`
--
ALTER TABLE `book`
  MODIFY `book_id` int(11) NOT NULL AUTO_INCREMENT, AUTO_INCREMENT=34;

--
-- AUTO_INCREMENT for table `borrow`
--
ALTER TABLE `borrow`
  MODIFY `borrow_id` int(11) NOT NULL AUTO_INCREMENT, AUTO_INCREMENT=491;

--
-- AUTO_INCREMENT for table `borrowdetails`
--
ALTER TABLE `borrowdetails`
  MODIFY `borrow_details_id` int(11) NOT NULL AUTO_INCREMENT, AUTO_INCREMENT=176;

--
-- AUTO_INCREMENT for table `category`
--
ALTER TABLE `category`
  MODIFY `category_id` int(11) NOT NULL AUTO_INCREMENT, AUTO_INCREMENT=801;

--
-- AUTO_INCREMENT for table `member`
--
ALTER TABLE `member`
  MODIFY `member_id` int(11) NOT NULL AUTO_INCREMENT, AUTO_INCREMENT=68;

--
-- AUTO_INCREMENT for table `users`
--
ALTER TABLE `users`
  MODIFY `user_id` int(11) NOT NULL AUTO_INCREMENT, AUTO_INCREMENT=4;
COMMIT;

/*!40101 SET CHARACTER_SET_CLIENT=@OLD_CHARACTER_SET_CLIENT */;
/*!40101 SET CHARACTER_SET_RESULTS=@OLD_CHARACTER_SET_RESULTS */;
/*!40101 SET COLLATION_CONNECTION=@OLD_COLLATION_CONNECTION */;
